,logo,Team,League,Elo,Current Elo,Avg Wins,Avg Losses,Make Playoffs %,Win Division %,Win World Series %
0,https://a.espncdn.com/combiner/i?img=/i/teamlogos/mlb/500/scoreboard/BAL.png&h=60,Orioles,AL East,"[1491.7120868467823, 1493.6444240509177, 1491.5577615883055, 1489.500248444805, 1492.4713563618643, 1489.5141894408694, 1486.598280902512, 1488.7232846558713, 1491.9830623348198, 1495.200021763141, 1493.3742710753513, 1491.5728141317563, 1494.1452357244893, 1491.680655093012, 1489.2515260042455, 1486.857310684519, 1489.985562556027, 1488.0714511884046, 1491.1833050883238, 1489.150221396237, 1492.1453126746244, 1490.0988538004392, 1492.7303256001608, 1490.3240049932572, 1487.9522453493826, 1490.1646614378876, 1492.3457072735582, 1489.495927234508, 1492.5679644498912, 1490.5979403632311, 1488.6549270209316, 1490.8848493446837, 1493.0831006920907, 1490.250226735736, 1492.457481914552, 1494.980699066147, 1492.4676049912266, 1494.9906764725233, 1496.8384227574297, 1498.6614573967295, 1500.837175875141, 1502.9821616030292, 1505.0969554673252, 1507.6230348819845, 1505.1127620955021, 1507.6386140590355, 1509.7356673201602, 1506.8033840714597, 1508.9121539872701, 1510.991377051212]",1511,84,78,41.0,1.0,0.8
1,https://a.espncdn.com/combiner/i?img=/i/teamlogos/mlb/500/scoreboard/BOS.png&h=60,Red Sox,AL East,"[1509.6767136239841, 1511.7010092972919, 1508.697291182094, 1510.7351859821633, 1512.8175392809992, 1509.8708210662196, 1507.7696202223394, 1505.6978304373372, 1503.6549210062142, 1501.6403663218327, 1499.0679447290997, 1501.532525360577, 1503.9616544493435, 1506.35586976907, 1504.1709696502737, 1502.0169626602035, 1499.8933069412128, 1502.7648864035086, 1505.5959576151708, 1508.386917933072, 1505.7554461333505, 1508.161766740254, 1510.5335263841287, 1507.3680859744804, 1504.2451739640455, 1501.1645991888813, 1503.2940815703253, 1505.3936472301596, 1507.46383121038, 1505.330368431373, 1503.2268931571318, 1501.1528697809013, 1499.107767228134, 1501.4745925874674, 1503.8074799783378, 1506.1069764149972, 1503.3736300819398, 1505.7784260364222, 1503.148684796766, 1505.5567134370758, 1508.2933871523499, 1505.990974878993, 1508.7214536267666, 1506.1953742121073, 1508.7056469985896, 1506.1797950350563, 1503.8600018058332, 1506.5733857139967, 1509.2479567796652, 1512.1696816149213]",1512,82,80,28.999999999999996,1.0,0.7000000000000001
2,https://a.espncdn.com/combiner/i?img=/i/teamlogos/mlb/500/scoreboard/NYY.png&h=60,Yankees,AL East,"[1566.2350415582316, 1563.400994485711, 1560.6070883911568, 1562.8529058145393, 1564.320705932988, 1565.7710449324513, 1567.8722457763315, 1569.9440355613337, 1571.9869449924568, 1574.0014996768382, 1571.3466821923153, 1573.7299571696617, 1576.079032883366, 1572.950781011858, 1574.8648923794804, 1571.7530384795612, 1573.317909472688, 1574.8634766476769, 1571.3901080011642, 1567.9594747179578, 1570.1255819466585, 1567.261124915048, 1569.4371081865752, 1571.4382253482966, 1568.4117555479143, 1570.427057657389, 1567.3550204420058, 1569.3250445286658, 1571.2680578709653, 1568.5923829853766, 1570.9550624980009, 1573.2838702986526, 1570.1816342635238, 1567.121629436684, 1569.1036133143916, 1571.0583643359485, 1567.8930515440372, 1569.7702666327145, 1571.6222119423494, 1569.0261414744507, 1571.4673949485116, 1568.8735492617166, 1565.7726064332032, 1562.713887901191, 1564.6971501494224, 1566.419605160386, 1563.1197394250328, 1559.8627568121788, 1556.648586603739, 1553.944333417535]",1554,89,73,75.0,4.0,4.1000000000000005
3,https://a.espncdn.com/combiner/i?img=/i/teamlogos/mlb/500/scoreboard/tb.png&h=60,Rays,AL East,"[1561.0333217266202, 1563.483221612097, 1560.162383246333, 1561.8844476075749, 1563.5841987053334, 1561.280663494488, 1559.0100378680236, 1556.7717734443759, 1559.2387881944192, 1561.6703149639934, 1559.066891182254, 1556.5008899591028, 1558.883616436064, 1556.232152320668, 1553.6187380098208, 1556.4010676439634, 1554.1437987640497, 1551.9186660112603, 1549.0470865489644, 1546.2160153373022, 1543.425055019401, 1545.264062684251, 1547.078524607358, 1548.8689076464648, 1550.3932111161541, 1551.8989833411408, 1553.3865761421182, 1555.2060166006836, 1557.0012833884045, 1558.7728371596722, 1560.9062999386792, 1563.0097752129204, 1565.083798589151, 1567.1289011419183, 1564.561668425424, 1562.0313664261748, 1564.5374769036011, 1561.1563437971515, 1562.8181134916597, 1564.4587254239357, 1566.4358571621285, 1568.3858460865388, 1570.3091976003004, 1572.926499904562, 1570.5061953854727, 1568.1206687559172, 1569.9934553975731, 1571.8410559941117, 1573.663947709555, 1570.4626000728038]",1570,101,61,100.0,69.0,13.0
4,https://a.espncdn.com/combiner/i?img=/i/teamlogos/mlb/500/scoreboard/TOR.png&h=60,Blue Jays,AL East,"[1551.4824587545377, 1554.0697643809292, 1551.6198644954525, 1553.7065269580646, 1555.7640401015651, 1552.7929321845058, 1555.0058594032307, 1552.1874075571097, 1549.7203928070664, 1547.2888660374922, 1549.8922898192316, 1552.4582910423828, 1555.1131085269058, 1552.7298335495593, 1550.380757835855, 1552.5656579546514, 1554.7196649447217, 1556.8433206637123, 1558.8764043557992, 1555.8813130774117, 1557.927771951597, 1560.3049021340921, 1557.6479303605677, 1555.0290783740288, 1551.7247035841544, 1553.4632169706326, 1555.1791021017132, 1556.872792342714, 1558.832124775095, 1555.7646455009449, 1557.7392003541845, 1559.4422871073623, 1561.1234242012272, 1557.783032322465, 1560.3502650389594, 1562.8805670382085, 1560.3744565607822, 1557.9943370760752, 1560.648366930273, 1558.2643143283924, 1560.860384796291, 1558.4191313222302, 1561.0129770090252, 1562.97358644472, 1564.9073603778386, 1566.8148001312154, 1569.048914931235, 1571.2512870733724, 1568.4224625039446, 1565.5007376686885]",1566,96,66,96.0,25.0,8.1
5,https://a.espncdn.com/combiner/i?img=/i/teamlogos/mlb/500/scoreboard/CHW.png&h=60,White Sox,AL Central,"[1516.029509355679, 1513.1221178147046, 1515.6977090958535, 1512.586080493045, 1514.5167323117607, 1516.4211084420674, 1514.000375030569, 1511.61442613086, 1509.262718725754, 1506.2154968270027, 1503.2101834894129, 1500.246494524444, 1497.5977474021029, 1494.9870154126277, 1497.4138033177653, 1500.0298896192244, 1497.608385144125, 1500.2216770816506, 1502.5701123763035, 1504.8849048125319, 1502.1666021656013, 1505.32223766959, 1503.4353855925503, 1501.5739853294785, 1504.7375555827957, 1502.3458740108251, 1504.9885242412977, 1502.5932374970052, 1499.544979594163, 1501.5386368628554, 1498.5048450476206, 1500.908366343535, 1498.2773703344787, 1495.6841605425698, 1493.1609433909748, 1495.6740374658953, 1493.1509659845985, 1490.657343332689, 1493.199602783543, 1490.705280195905, 1488.7281484577122, 1486.778159533302, 1484.8548080195403, 1482.8941985838455, 1480.960424650727, 1479.0529848973501, 1477.1801982556942, 1475.3325976591557, 1473.5097059437123, 1476.7110535804636]",1477,72,90,2.0,1.0,0.0
6,https://a.espncdn.com/combiner/i?img=/i/teamlogos/mlb/500/scoreboard/CLE.png&h=60,Guardians,AL Central,"[1521.054970161824, 1523.3834540070704, 1525.6786186359366, 1527.9410123102048, 1525.1711833317036, 1527.44081561121, 1529.8615490227082, 1532.2474979224173, 1534.5992053275234, 1536.4884469834249, 1538.352191728031, 1540.1909215516146, 1537.8081950746534, 1540.4596591900493, 1543.0730735008965, 1544.8977875751143, 1541.698227624874, 1543.541322637737, 1540.3597942889212, 1542.220857030126, 1544.0569556487474, 1541.5425827691133, 1544.064393912146, 1546.5499139908613, 1548.9996711643041, 1550.8521307082501, 1547.6797891964147, 1549.5500036302458, 1546.9337345937397, 1544.3550587464347, 1546.8134708759817, 1549.4891457615704, 1547.1264662489461, 1544.7976584482944, 1546.322628576445, 1547.8290547893043, 1544.3172891752008, 1541.1478533101729, 1538.0209619121435, 1539.936427182124, 1536.8344759623917, 1533.7747544315166, 1535.7570198626279, 1532.551191315673, 1529.388038339667, 1531.2674044162854, 1533.5871976455085, 1530.873813737345, 1528.1992426716765, 1530.9034958578804]",1531,87,75,76.0,71.0,2.7
7,https://a.espncdn.com/combiner/i?img=/i/teamlogos/mlb/500/scoreboard/DET.png&h=60,Tigers,AL Central,"[1433.2986976982327, 1431.8275756199685, 1430.3739773474726, 1428.937572560376, 1432.0492011631845, 1430.1185493444689, 1428.2141732141622, 1431.1713401351572, 1434.0872486735145, 1431.9622449201552, 1435.0094668189065, 1438.0147801564963, 1440.9784691214652, 1443.5758481078942, 1446.13588555395, 1448.6590919786333, 1446.400993791382, 1449.1750457470807, 1451.9095898145451, 1455.0266897864797, 1453.101481472129, 1451.2024467856459, 1449.3290936579654, 1447.4900859931154, 1445.6756240700083, 1443.8852410309016, 1447.3961928023098, 1450.8645378094377, 1449.290132958107, 1447.160650576663, 1445.0610849168288, 1442.9909009366083, 1441.2878141834306, 1439.6066770895657, 1442.9470689683278, 1445.9736616861792, 1448.958481661124, 1452.127917526152, 1455.2548089241814, 1453.339343654201, 1451.1636251757895, 1449.0186394479013, 1446.9038455836053, 1450.0270843785245, 1453.1079843304651, 1451.1467712834217, 1449.049718022297, 1451.9820012709974, 1449.873231355187, 1447.794008291245]",1448,69,93,1.0,0.0,0.0
8,https://a.espncdn.com/combiner/i?img=/i/teamlogos/mlb/500/scoreboard/KC.png&h=60,Royals,AL Central,"[1447.0643450691477, 1444.892026821711, 1442.7503817874517, 1440.726086114144, 1443.7298042293419, 1441.6919094292725, 1444.5429028294054, 1447.353586617569, 1450.124369357821, 1453.2755431698301, 1451.3842486249746, 1454.5184897216138, 1451.9211107351848, 1449.361073289129, 1446.8378668644457, 1445.0131527902279, 1448.212712740468, 1446.3696177276051, 1449.551146076421, 1447.6900833352163, 1445.8539847165948, 1443.5788367791329, 1441.3361259273636, 1439.125304290848, 1442.4296790807223, 1440.691165694244, 1438.9752805631636, 1437.2815903221626, 1440.3790124651932, 1443.4342292948086, 1441.4474870759232, 1438.9691246344453, 1436.5264192018144, 1439.1188350299449, 1437.562268071261, 1436.0248465513137, 1434.506205764982, 1432.131997170833, 1429.7918441412014, 1427.4852000526735, 1425.330295188802, 1428.205757433117, 1426.0406747345212, 1423.8758722671232, 1426.7416111396064, 1424.5668974192686, 1422.5174091465094, 1420.496395725032, 1423.5033357988852, 1421.4686398642502]",1421,58,104,0.0,0.0,0.0
9,https://a.espncdn.com/combiner/i?img=/i/teamlogos/mlb/500/scoreboard/MIN.png&h=60,Twins,AL Central,"[1497.181139950954, 1494.8526561057076, 1492.5574914768415, 1490.2950978025733, 1493.0649267810745, 1490.7952945015682, 1487.9443011014353, 1485.1336173132718, 1482.3628345730197, 1479.7450820181205, 1482.164942223433, 1479.5500314015342, 1482.1987785238753, 1484.8095105133505, 1482.3827226082128, 1484.6408207954642, 1481.8667688397654, 1479.132224772301, 1476.783789477648, 1474.4689970414197, 1477.1872996883503, 1479.4624476258123, 1481.7051584775816, 1483.9159801140972, 1486.1109092626277, 1483.2747707637043, 1480.4787943019737, 1483.7253214341408, 1486.9290595422885, 1485.0901288596972, 1482.686607563783, 1485.317603572839, 1487.910813364748, 1491.0130493998768, 1494.0730542267165, 1492.091070349009, 1490.1363193274522, 1487.7315233729698, 1490.361264612626, 1487.9532359723162, 1484.8236148402202, 1481.7363635234326, 1483.6912613203679, 1486.7922041488812, 1489.8509226808935, 1487.867660432662, 1489.9171487054211, 1491.9381621268985, 1488.9312220530453, 1490.9659179876803]",1491,82,80,35.0,28.000000000000004,0.1
10,https://a.espncdn.com/combiner/i?img=/i/teamlogos/mlb/500/scoreboard/HOU.png&h=60,Astros,AL West,"[1588.2185865613333, 1589.6549913484298, 1591.2410323688896, 1592.8073653405565, 1589.3543665991365, 1590.9441581055742, 1593.2476933164196, 1595.518318942884, 1597.7565833665317, 1594.4968056875832, 1591.279846259262, 1593.1055969470517, 1594.9070538906467, 1596.4748938294267, 1593.0233732983681, 1590.2410436642256, 1592.4983125441393, 1594.7234452969287, 1591.617131325342, 1593.5530701422051, 1595.4626342409429, 1592.306998736954, 1594.1938508139938, 1596.0552510770656, 1592.8916808237484, 1589.3807290523403, 1585.9123840452123, 1587.486788896543, 1584.2402617643759, 1581.0365236562282, 1582.8754543388195, 1584.336731767958, 1580.7806710719133, 1582.267015029412, 1578.8387145859658, 1580.4532571932195, 1577.04754666174, 1579.4276661464469, 1576.7736362922492, 1579.1576888941297, 1581.682340056469, 1584.170659451964, 1586.6231746793703, 1584.0058723751088, 1586.426176894198, 1588.8117035237535, 1585.707138184243, 1582.644816419584, 1584.6244975536683, 1586.5895645828457]",1587,100,62,99.0,96.0,17.0
11,https://a.espncdn.com/combiner/i?img=/i/teamlogos/mlb/500/scoreboard/LAA.png&h=60,Angels,AL West,"[1463.768126087428, 1461.6800561901025, 1464.8319623176872, 1467.9413969052682, 1471.008562411419, 1469.0336956755198, 1471.3604628334942, 1468.6539387879186, 1465.98614566107, 1468.6038982159691, 1466.1840380106566, 1468.7989488325554, 1471.2271125092864, 1473.6203772437184, 1475.9792852918574, 1478.2343982955413, 1480.4574116330216, 1482.648872407774, 1479.9221494275914, 1477.2343966822789, 1474.5851473141245, 1471.9739194953925, 1474.4002181505518, 1476.7916465331903, 1479.7214105256542, 1477.610142728042, 1480.5284665226661, 1478.5691340902852, 1481.6366133644353, 1479.6620585111957, 1476.616738186066, 1478.613314236207, 1480.582387227247, 1478.2155618679135, 1475.882674477043, 1473.5831780403837, 1476.316524373441, 1479.4818371653523, 1477.604622076675, 1475.7526767670402, 1477.9075816309116, 1475.0321193865966, 1477.1972020851924, 1474.3820101645097, 1476.6067662525998, 1478.799939875439, 1480.9620763489422, 1478.8206416493276, 1476.7093359244307, 1479.6276224708167]",1480,76,86,4.0,0.0,0.0
12,https://a.espncdn.com/combiner/i?img=/i/teamlogos/mlb/500/scoreboard/OAK.png&h=60,Athletics,AL West,"[1454.0245676738402, 1456.4774381209484, 1454.8913971004886, 1453.3250641288216, 1456.7780628702417, 1455.188271363804, 1458.3343939059976, 1461.4380703442675, 1459.499507914392, 1457.600943307799, 1460.7280514030708, 1458.8128017812023, 1456.3846381044714, 1453.9913733700394, 1451.6324653219003, 1449.747524662698, 1447.887999732677, 1451.0534097903562, 1453.7801327705388, 1456.4678855158513, 1459.1171348840057, 1461.7283627027377, 1459.3020640475784, 1456.91063566494, 1455.058176120994, 1458.2305176328293, 1456.3603031989983, 1454.5408627404329, 1452.745595952712, 1450.9740421814442, 1448.744119857692, 1446.5458685102851, 1449.3787424666398, 1447.1714872878238, 1445.3156538001315, 1443.4846853398017, 1441.6781098499066, 1439.4839492307394, 1437.3208429102901, 1435.1882481171613, 1437.859489783618, 1435.4924322347208, 1433.1593163602622, 1435.974508280945, 1433.7497521928549, 1431.5565785700157, 1429.3944420965124, 1426.9355523248862, 1424.5120286592787, 1427.1233325426458]",1427,57,105,0.0,0.0,0.0
13,https://a.espncdn.com/combiner/i?img=/i/teamlogos/mlb/500/scoreboard/SEA.png&h=60,Mariners,AL West,"[1552.239497054286, 1554.4197551706857, 1551.267849043101, 1548.15841445552, 1545.0912489493692, 1547.0661156852684, 1543.9199931430749, 1540.8163167048049, 1542.7548791346803, 1539.6037053226712, 1541.4949998675268, 1538.3607587708875, 1535.1871436971446, 1537.0560895453364, 1538.8999220124883, 1540.7848626716907, 1542.6443876017117, 1539.4789775440324, 1536.361877572098, 1538.2870858864485, 1540.1861205729317, 1542.0594737006122, 1544.5738465802463, 1542.0520354372136, 1539.5665153584982, 1537.1167581850555, 1534.1869941925916, 1536.2982619902036, 1533.3799381955796, 1535.9962072320857, 1538.5748830793907, 1536.1164709498437, 1533.1851828134327, 1530.294939411622, 1532.4453783634744, 1534.374513440936, 1536.2774012574102, 1538.1545349418207, 1535.6030777096403, 1533.0883318010863, 1530.6097752983806, 1533.0956945005948, 1535.545844909063, 1532.960761083662, 1535.2232820257027, 1532.4535781688573, 1529.7233341843564, 1527.4892193843368, 1525.2868472421994, 1528.1156718116272]",1528,85,77,40.0,3.0,1.2
14,https://a.espncdn.com/combiner/i?img=/i/teamlogos/mlb/500/scoreboard/TEX.png&h=60,Rangers,AL West,"[1444.8897039199403, 1447.47399807369, 1445.0211276265818, 1448.3419659923456, 1446.6199016311039, 1444.9201505333453, 1442.5933833753709, 1445.2999074209465, 1447.9677005477952, 1446.0784588918937, 1444.2147141472876, 1442.375984323704, 1445.5495993974469, 1443.680653549255, 1441.8368210821031, 1439.5817080784193, 1437.358694740939, 1435.1672339661866, 1433.6023629730598, 1432.0567957980709, 1435.5301644445835, 1438.96079772779, 1441.9512021820508, 1444.9000911471735, 1447.8077888021046, 1445.5953727135995, 1443.414326877929, 1446.2641069169792, 1443.961569408084, 1441.6919249911136, 1444.4546252908674, 1446.9329877323453, 1449.3756931649762, 1446.7832773368457, 1450.211577780292, 1448.5970351730382, 1452.0027457045178, 1454.3769542986668, 1456.7171073282984, 1459.0237514168264, 1456.3525097503696, 1458.7195672992668, 1461.0526831737254, 1458.3083816922694, 1455.6032539616622, 1452.9368403932087, 1451.2143853822452, 1454.5142511175984, 1457.7712337304524, 1460.9854039388922]",1461,75,87,4.0,0.0,0.0
15,https://a.espncdn.com/combiner/i?img=/i/teamlogos/mlb/500/scoreboard/ATL.png&h=60,Braves,NL East,"[1571.6801031478003, 1568.7334571399897, 1570.8784822722716, 1572.9933148435532, 1575.0784920361084, 1576.486330426607, 1577.877833302593, 1574.2533051544008, 1571.3193372345122, 1568.4264367116486, 1570.5742428601866, 1572.6918072520562, 1574.1061402940327, 1575.5040164877512, 1571.8857429801394, 1574.1845912586157, 1576.450607502872, 1578.6843400571893, 1575.225354067195, 1576.8091432628025, 1573.3732674360772, 1574.7470286752498, 1576.1050884142978, 1572.4477372045078, 1574.7416155115068, 1577.002744219544, 1579.2316716129042, 1581.2483495628385, 1578.2371537340325, 1575.2676241257775, 1572.3394508254364, 1573.9287343721128, 1575.4982479026703, 1577.048369023017, 1578.6049359817007, 1580.1423575016481, 1581.6609982879797, 1583.6626507634392, 1585.6367063920668, 1582.5836763403158, 1580.0590251779765, 1577.5707057824816, 1575.1181905550752, 1576.8110455338144, 1578.4821469445278, 1580.131911739156, 1576.7607488286123, 1579.0073905426018, 1581.222076210335, 1578.405352511587]",1578,101,61,100.0,88.0,12.8
16,https://a.espncdn.com/combiner/i?img=/i/teamlogos/mlb/500/scoreboard/MIA.png&h=60,Marlins,NL East,"[1430.5315564853638, 1428.6638642398802, 1431.821261650261, 1429.16079527285, 1426.538492876277, 1428.953863086734, 1431.667334585976, 1429.341992200962, 1427.0499177504207, 1429.4501862801903, 1431.815988332086, 1429.1478687545211, 1432.4547552672352, 1430.7187509870903, 1433.8756872772126, 1431.9901304579762, 1435.1300010012405, 1438.2274536989078, 1441.686439688902, 1440.1026504932945, 1443.5385263200199, 1441.727809861702, 1444.9411009471305, 1443.111693011018, 1441.3066483746613, 1439.1117192261308, 1441.9478577250543, 1444.7438341867849, 1442.8870740410186, 1441.0551964877561, 1444.2477291874634, 1442.140995862108, 1445.0637728837037, 1447.945577965483, 1450.6487632516346, 1453.3132577315453, 1450.9395374931075, 1453.8690634308334, 1456.757559603882, 1454.6053894777253, 1457.7073406974575, 1460.7670622283326, 1458.7847967972214, 1457.0919418184822, 1455.4208404077688, 1453.7710756131405, 1457.1422385236842, 1459.8921842479183, 1462.602891826275, 1465.2748184452291]",1465,77,85,12.0,0.0,0.0
17,https://a.espncdn.com/combiner/i?img=/i/teamlogos/mlb/500/scoreboard/NYM.png&h=60,Mets,NL East,"[1542.4057714790513, 1539.2899583836854, 1536.2164470741025, 1537.8899285225964, 1539.5420277366884, 1541.1731545134908, 1542.7837106346033, 1545.140891949362, 1547.4642896672772, 1544.7544512393463, 1546.6530158459393, 1543.5259077506676, 1545.441157372536, 1542.134270859822, 1543.870275139967, 1541.5714268614906, 1539.3054106172344, 1537.071678062917, 1538.6932426723617, 1540.2944197270635, 1541.8755993652205, 1543.6863158235383, 1540.4730247381099, 1542.3024326742225, 1544.107477310579, 1541.430955540533, 1538.7927986799575, 1536.1925208789157, 1538.049281024682, 1539.8811585779445, 1536.6886258782372, 1539.0549863724016, 1536.3874163193257, 1538.7580995771655, 1540.6139330648577, 1542.4449015251876, 1544.2514770150826, 1547.1906822915078, 1545.0887762372338, 1548.0162939076, 1550.226529480605, 1552.4054324146084, 1549.5535469095082, 1546.7419797665082, 1543.261630363205, 1539.8239951324424, 1541.4291847536692, 1539.1825430396798, 1536.9678573719466, 1539.7845810706947]",1540,90,72,90.0,11.0,3.5000000000000004
18,https://a.espncdn.com/combiner/i?img=/i/teamlogos/mlb/500/scoreboard/PHI.png&h=60,Phillies,NL East,"[1519.065495326926, 1516.9204701946442, 1514.8056376233626, 1512.7204604308074, 1510.5075332120825, 1513.3259850582035, 1516.259952978092, 1519.1528535009556, 1517.0050473524177, 1514.8874829605481, 1512.0237095341365, 1509.200369845855, 1506.417062237537, 1508.2531894703143, 1505.0648256833365, 1506.9190779987475, 1508.7484952632221, 1511.854809234809, 1509.9188704179458, 1508.009306319208, 1505.018901864947, 1502.0700128998244, 1499.1623152448933, 1497.161198083172, 1500.1876678835542, 1498.1723657740795, 1500.263731283648, 1502.3258626737493, 1499.359289010202, 1501.4660223355575, 1498.5432453139617, 1495.6614402321825, 1492.729138486168, 1494.8378900611997, 1491.917095113005, 1494.037254974185, 1496.5308776260947, 1493.9886181752406, 1496.4829407628786, 1493.5681582453115, 1495.6942781641699, 1497.7905412312539, 1499.8574820026117, 1497.594961060571, 1500.3646649174161, 1503.094908901917, 1506.1994742414277, 1509.2617960060866, 1507.2821148720022, 1505.4621098943962]",1505,82,80,37.0,1.0,0.5
19,https://a.espncdn.com/combiner/i?img=/i/teamlogos/mlb/500/scoreboard/WSH.png&h=60,Nationals,NL East,"[1413.3813507950679, 1411.4222053696626, 1409.4898681655272, 1412.1503345429383, 1414.7726369395114, 1412.3572667290543, 1410.9494283385557, 1409.5579254625698, 1413.182453610762, 1410.7821850809923, 1408.4163830290968, 1411.0845026066615, 1409.670169564685, 1408.2722933709665, 1411.8905668785783, 1410.054439645801, 1413.2428034327788, 1411.3885511173678, 1409.5591338528932, 1407.9375692434485, 1406.3363921887467, 1404.7552125505897, 1403.381451311417, 1402.023391572369, 1405.680742782159, 1404.1564393124697, 1402.650667087483, 1401.1630742865057, 1399.0402645178071, 1401.947252595592, 1404.8134070451742, 1402.6391049233182, 1405.684425248448, 1403.6878491983068, 1401.718776207267, 1400.1938060791165, 1398.687379866257, 1402.1991454803606, 1400.3513991954542, 1398.5283645561544, 1401.6579856882504, 1404.745237005038, 1402.7903392081028, 1406.2706886114058, 1409.7083238421685, 1408.1031342209417, 1405.9430052118353, 1403.8133353533194, 1406.7135855524825, 1404.759766372173]",1405,58,104,0.0,0.0,0.0
20,https://a.espncdn.com/combiner/i?img=/i/teamlogos/mlb/500/scoreboard/CHC.png&h=60,Cubs,NL Central,"[1455.0268045964544, 1458.1426176918203, 1461.2161290014033, 1463.7204071535884, 1461.188647559012, 1458.6933211996761, 1455.979849700434, 1458.305192085448, 1460.5972665359893, 1462.717328461858, 1464.8076415731514, 1461.8687395300303, 1463.9709462868618, 1466.8347197132734, 1469.658059401555, 1472.441367009873, 1474.720989836924, 1476.9681006540004, 1479.1832474572425, 1476.36697695142, 1473.5906656430554, 1475.8538870610553, 1478.6548928111881, 1476.4160993913606, 1474.2091284665544, 1471.4667821706112, 1473.7635872104552, 1476.0661247193505, 1478.3357691363208, 1475.573068836567, 1478.504356972978, 1481.3946003747888, 1479.2441614229363, 1482.6497523803466, 1481.0124648508881, 1484.395865978327, 1486.5900265974942, 1488.7531329179435, 1490.8857277110724, 1489.1601431057927, 1492.4569391904222, 1490.710855854644, 1488.9875456663563, 1491.6709776000298, 1489.315959223507, 1491.9946897037048, 1489.2447439794707, 1486.534036401114, 1483.86210978216, 1485.8159289624693]",1486,81,81,28.000000000000004,6.0,0.1
21,https://a.espncdn.com/combiner/i?img=/i/teamlogos/mlb/500/scoreboard/CIN.png&h=60,Reds,NL Central,"[1451.1446779774033, 1454.3496001381623, 1452.5118496564558, 1450.6986210349135, 1448.9094478093475, 1452.1438713288685, 1450.0615180300326, 1453.0082362448122, 1450.9909317278796, 1449.0015125157495, 1447.0394639513916, 1450.1042776993008, 1447.2745332809359, 1444.48488629814, 1441.7349170796908, 1439.4552942526398, 1437.2081834355633, 1434.9930366323213, 1437.8093071381438, 1440.5856184465083, 1438.3223970285085, 1435.675423929905, 1438.0664432729966, 1440.4231412296404, 1443.1654875255836, 1440.8686824857396, 1438.777316976171, 1436.7151855860698, 1439.681759249617, 1438.0924757029406, 1436.5229621723831, 1434.9728410520365, 1437.905142798051, 1435.7963912230193, 1438.717186171214, 1436.597026310034, 1439.9781594164835, 1438.3163897219754, 1436.6757777896994, 1434.2020837317048, 1431.7639773136436, 1429.3609220808758, 1426.992376876852, 1429.736678358308, 1432.4418060889152, 1435.1082196573686, 1437.5671094289949, 1439.9906330946023, 1437.3793292112352, 1435.439141581267]",1435,66,96,0.0,0.0,0.0
22,https://a.espncdn.com/combiner/i?img=/i/teamlogos/mlb/500/scoreboard/MIL.png&h=60,Brewers,NL Central,"[1519.0948663504596, 1521.8328956675273, 1519.5318233372368, 1522.3658704097575, 1525.1597765043116, 1522.913959080929, 1520.5567777661704, 1518.2333800482552, 1520.943218476186, 1522.9605229931187, 1524.9499422052488, 1526.9119907696067, 1523.8471770216975, 1521.5113384606145, 1524.2089388347144, 1521.0520025445921, 1522.9375593638285, 1519.7976888205642, 1516.700236122897, 1518.7925148195689, 1520.8555429454277, 1517.8898497212867, 1515.088843971154, 1517.3276373909814, 1519.5346083157876, 1522.2111300858337, 1524.8492869464092, 1527.449564747451, 1530.0179305802365, 1527.5493500526113, 1530.1162809109296, 1527.2059212428082, 1529.3364250929044, 1526.4369940474216, 1528.8621247852896, 1531.2524032222873, 1528.6083719313542, 1531.0022953624202, 1533.5537525946006, 1536.0684985031546, 1538.5470550058603, 1535.8103812905863, 1538.1127935639431, 1535.3823148161696, 1532.2590760212504, 1529.1781760693098, 1531.1393891163532, 1533.2808238159678, 1535.3921295408647, 1532.4738429944787]",1532,92,70,93.0,84.0,3.9
23,https://a.espncdn.com/combiner/i?img=/i/teamlogos/mlb/500/scoreboard/PIT.png&h=60,Pirates,NL Central,"[1414.0833579210862, 1416.8688280863078, 1415.1953466378138, 1413.5432474237218, 1411.9121206469194, 1410.301564525807, 1408.8337644073583, 1407.383425407895, 1405.2633634820263, 1403.1730503707329, 1406.111952413854, 1404.0097456570224, 1406.8394900753874, 1409.6291370581832, 1412.3791062766325, 1410.7978978051005, 1409.2363050530832, 1412.6939535815268, 1416.1088234826702, 1414.4808278694602, 1417.873342947815, 1420.5203160464184, 1418.1292967033269, 1415.7725987466831, 1418.9380391563313, 1422.0609511667662, 1425.1415259419305, 1428.1897838447728, 1426.1961265760804, 1429.229918391315, 1427.7686409621765, 1431.3247016582213, 1429.8383577007226, 1433.0734892689104, 1431.2658599975882, 1434.4821794492589, 1432.6557906997696, 1435.2515975015738, 1437.8100839100878, 1440.3317608696639, 1442.8054549276585, 1445.2435613457196, 1447.6466165784875, 1450.0151617825113, 1448.5562777670489, 1452.1146867770321, 1455.6307031054043, 1457.7908321145107, 1459.9205019730266, 1457.0202517738635]",1457,78,84,15.0,3.0,0.1
24,https://a.espncdn.com/combiner/i?img=/i/teamlogos/mlb/500/scoreboard/STL.png&h=60,Cardinals,NL Central,"[1549.537285901889, 1551.8383582321794, 1548.6334360714204, 1550.471186553127, 1552.2844151746692, 1554.0735884002352, 1550.8391648807142, 1548.0404249882745, 1545.2814602053415, 1547.5618354965752, 1550.6249243046689, 1548.6460055374378, 1546.6942627574606, 1549.0301013185435, 1546.3325009444436, 1547.9137094159755, 1549.4753021679928, 1546.0176536395493, 1542.6027837384058, 1544.2307793516159, 1540.838264273261, 1538.4611340907659, 1541.1181058642903, 1543.7369578508292, 1541.4430795438302, 1539.181950835793, 1536.9530234424328, 1534.3846576096473, 1536.8532381372725, 1534.2863072789542, 1531.2085104473765, 1533.1728086862754, 1535.1102027193629, 1531.875071151175, 1533.6827004224972, 1530.4663809708265, 1532.2927697203158, 1529.3719767914934, 1526.4921386545586, 1528.6528865160733, 1526.166967313859, 1523.716816905391, 1526.3019007307919, 1523.676350917318, 1521.0885162631962, 1518.5378942962202, 1521.023971953652, 1519.0720359520808, 1517.1467737091223, 1515.2476861056284]",1515,81,81,30.0,7.000000000000001,0.4
25,https://a.espncdn.com/combiner/i?img=/i/teamlogos/mlb/500/scoreboard/ARI.png&h=60,Diamondbacks,NL West,"[1460.5893984095746, 1463.4099095273768, 1461.1904176337039, 1459.002417812686, 1456.8453651337159, 1455.499933306749, 1454.1696795261962, 1457.8543248097055, 1461.4974392025476, 1460.0986911248187, 1457.9933754204449, 1460.9175446386475, 1458.8007299248272, 1457.2328899860472, 1460.6844105171058, 1458.6266245221016, 1461.5974645531194, 1459.5269380548045, 1457.4346593581326, 1455.3716312322738, 1458.3373244564148, 1456.9303593666084, 1460.539713487927, 1459.106970644387, 1462.6910293903736, 1460.5430533845, 1463.4253221384504, 1461.9795604767112, 1465.550844880094, 1469.0798048219299, 1472.5662323695417, 1475.476592037663, 1473.346088187567, 1476.2455192330497, 1473.542333946898, 1470.8778394669873, 1473.251559705425, 1476.1723526342475, 1479.0521907711823, 1476.8914429096676, 1474.6328167286608, 1477.406349611222, 1475.1403803227797, 1472.906693933779, 1475.071496401177, 1472.2057575286938, 1474.3804712490316, 1476.6297282387163, 1478.8469847841093, 1476.0327877020454]",1476,78,84,13.0,0.0,0.1
26,https://a.espncdn.com/combiner/i?img=/i/teamlogos/mlb/500/scoreboard/COL.png&h=60,Rockies,NL West,"[1458.9032909645696, 1461.810682505544, 1459.3064043533589, 1461.8381639479353, 1464.3334903072712, 1462.1376424623359, 1459.9728782164495, 1457.8386546388472, 1455.734432084165, 1458.638596473101, 1456.5019524140394, 1454.3953523621442, 1452.3389970356147, 1450.3112416949818, 1448.3115636405525, 1447.001655208812, 1445.7062735914046, 1449.4251542540892, 1453.102813831974, 1456.7388833774191, 1455.333038947661, 1458.2471846619278, 1461.120433522799, 1458.9531583269538, 1456.8164678992869, 1455.3929567305893, 1453.9860741331804, 1456.108883901879, 1453.201895824094, 1450.3357413745118, 1452.5100434963679, 1455.5878403279455, 1453.6235420890466, 1451.6861480559592, 1449.7570129784976, 1447.8541251620234, 1445.976991477613, 1443.3811846758088, 1440.8226982672948, 1438.3010213077187, 1441.2158038252858, 1439.0896839064274, 1436.9934208393433, 1434.9264800679855, 1438.1323086149405, 1441.2954615909464, 1439.416095514328, 1437.1668385246433, 1434.9495819792503, 1437.7637790613142]",1438,63,99,0.0,0.0,0.0
27,https://a.espncdn.com/combiner/i?img=/i/teamlogos/mlb/500/scoreboard/LAD.png&h=60,Dodgers,NL West,"[1627.078497832644, 1628.7676469037076, 1630.4351134357546, 1631.7805452627215, 1633.1107990432743, 1629.426153759765, 1625.7830393669228, 1627.1817874446517, 1624.118698636558, 1626.0976174037892, 1628.0493601837663, 1624.7552797719995, 1626.5040753292099, 1628.2300458381435, 1629.539954269884, 1630.8353358872914, 1627.1164552246069, 1623.4387956467222, 1619.802726101277, 1621.208570531035, 1622.6155356208415, 1619.0061814995229, 1620.4389243430628, 1616.8548655970762, 1618.2783767657738, 1619.6852593631827, 1621.131021024922, 1617.559736621539, 1614.0307766797032, 1610.5443491320914, 1612.3922701713263, 1609.2154762489654, 1611.0812555232174, 1607.675664565807, 1609.3129520952655, 1605.9295509678266, 1602.9903456914014, 1605.0922517456754, 1602.1647340753093, 1603.890318680589, 1600.5935225959595, 1602.3396059317377, 1604.0629161200254, 1605.5218001354879, 1601.9633911255046, 1598.4473747971324, 1600.3993107987037, 1602.3245730416622, 1604.223660645156, 1606.043665622762]",1606,103,59,100.0,98.0,28.599999999999998
28,https://a.espncdn.com/combiner/i?img=/i/teamlogos/mlb/500/scoreboard/SD.png&h=60,Padres,NL West,"[1505.3786615998317, 1502.5581504820295, 1504.7776423757025, 1506.9656421967204, 1509.1226948756905, 1511.9214347681302, 1514.6803995510631, 1512.4000242598295, 1509.4958598708936, 1511.6325039299552, 1513.7391039818503, 1517.0331843936171, 1515.2843888364068, 1513.5584183274732, 1510.9423320260141, 1513.3638365011136, 1510.750544563588, 1513.3454874148968, 1515.903121506873, 1513.4239580165452, 1510.5098123022783, 1507.6365634414071, 1509.8038386372523, 1511.9405290649192, 1514.088505070793, 1511.2062363168425, 1509.1895583669082, 1512.2007541957141, 1515.1702838039691, 1518.0984571043102, 1515.7320966101458, 1518.3996666632218, 1516.028983405382, 1513.603852667514, 1511.2135742305163, 1513.8576055214494, 1511.4636820903834, 1509.462029614924, 1507.4879739862963, 1510.5410040380473, 1512.799630219054, 1510.026097336493, 1512.2920666249352, 1514.5257530139359, 1511.8423210802623, 1514.1973394567851, 1511.5186089765873, 1514.0373051927418, 1516.5197550935006, 1518.4599427234689]",1518,86,76,63.0,1.0,2.0
29,https://a.espncdn.com/combiner/i?img=/i/teamlogos/mlb/500/scoreboard/SF.png&h=60,Giants,NL West,"[1511.0168745579604, 1508.9344477235568, 1511.8810937313674, 1510.169838475753, 1508.4806894046894, 1506.8132228726424, 1509.0090707175777, 1511.173834963464, 1513.3080585410664, 1515.4122810957485, 1517.5175968001224, 1514.5934275819197, 1516.71024229574, 1518.7665976222695, 1520.7943529629024, 1522.7940310173317, 1524.851817012336, 1521.880976981318, 1523.951503479633, 1521.3565606283241, 1518.7989265363478, 1521.2780900266757, 1519.111982797975, 1521.9764398295856, 1519.8004565580584, 1522.192138130029, 1519.5494878995564, 1521.9447746438489, 1518.8473525008183, 1515.792135671203, 1517.7788778900883, 1515.9309568508534, 1519.1077507732143, 1517.2419714989624, 1514.215378781111, 1511.230558806166, 1508.3010328684402, 1505.4125366953915, 1507.5647068215483, 1505.3544712485432, 1503.1755683145398, 1506.02745381964, 1508.83902096264, 1511.464570776114, 1514.0524054302357, 1516.6030273972117, 1514.1169497397798, 1511.5982535236253, 1509.1158036228665, 1507.150736593689]",1507,79,83,20.0,0.0,0.3
