,logo,Team,League,Elo,Avg Wins,Avg Losses,Make Playoffs %,Win Division %,Win World Series %
0,https://a.espncdn.com/combiner/i?img=/i/teamlogos/mlb/500/scoreboard/BAL.png&h=60,Orioles,AL East,"[1514.6027786825225, 1512.5711337424273, 1510.5676374095958, 1508.5443234671545, 1511.5490052846133, 1514.5120672596631, 1516.5135170119886, 1518.4873736606787, 1515.4341483260023, 1512.6969987563407, 1514.998940674994, 1517.267999351111, 1514.5047231556885, 1517.3259748607154, 1520.1072159313374, 1522.848870346797, 1520.6952748318595, 1523.5720233284812, 1526.4082147816368, 1523.5783593035276, 1520.7886023885758, 1523.038524422392, 1520.4763444505559, 1522.9510252516407, 1520.3901037307826, 1522.8639480615907, 1520.3022025158364, 1522.777311714937, 1520.2648572503824, 1517.788559098844, 1520.347887311414, 1522.0626799497593, 1523.7552986285964, 1525.4261682683643, 1528.1635823833083, 1525.8619019538742, 1528.5931004417314, 1525.6930482913756, 1522.8337676784247, 1525.0148774680931, 1527.8718800753245, 1525.6885143773868, 1523.1786783531954, 1525.7049607537674, 1528.1948880509467, 1530.3373595971239, 1527.4496837977888, 1524.602666742149, 1521.8256705517088, 1519.0882146017273]",89,73,65.0,2.0,2.0
1,https://a.espncdn.com/combiner/i?img=/i/teamlogos/mlb/500/scoreboard/BOS.png&h=60,Red Sox,AL East,"[1525.386430875973, 1522.684045103908, 1520.6242476270377, 1523.5931127701538, 1520.963130011675, 1518.3709202793423, 1515.815982440784, 1513.4461384054187, 1516.1102804802, 1518.7362122667819, 1521.1286912066792, 1523.4868258082154, 1520.811161515332, 1518.0612042638954, 1515.350485289373, 1512.6785474102298, 1514.9847907091846, 1517.2580797004491, 1514.4989627785624, 1511.5099211438248, 1508.5623848444789, 1510.6560287814232, 1513.6057780333774, 1511.5143289488178, 1509.4521154895485, 1507.4186085755418, 1509.9835740752562, 1507.5116402043047, 1505.0752677568582, 1508.0347179351143, 1505.9528914420273, 1508.9001269436658, 1505.9286723185073, 1502.9985890060682, 1505.1095401989899, 1508.036521848768, 1510.9224954417418, 1513.7678260036691, 1516.0891205259882, 1518.3772133197358, 1515.6326527365022, 1512.9272688703895, 1515.2137289475256, 1512.4675628524556, 1509.7605918330428, 1507.095034020239, 1504.467704283001, 1501.878112970462, 1504.7534332153473, 1507.5882098548614]",81,81,11.0,0.0,0.0
2,https://a.espncdn.com/combiner/i?img=/i/teamlogos/mlb/500/scoreboard/NYY.png&h=60,Yankees,AL East,"[1558.8576937783023, 1556.4755830876843, 1558.067171338742, 1559.6389455211092, 1561.1912841423232, 1558.7811888412812, 1561.405713250636, 1563.9925359222611, 1561.542159635429, 1564.0622586954078, 1566.5460912730275, 1563.9941858612663, 1566.4789980471799, 1568.1069989999246, 1569.7144891588541, 1571.301861134533, 1573.4554566494705, 1570.5787081528488, 1567.7425166996932, 1564.7778936546435, 1566.8545883755073, 1568.9023139068895, 1571.1706136913879, 1573.4065913639497, 1570.6107945702786, 1568.3631109886771, 1571.147401146847, 1573.8920714780243, 1570.7727377640063, 1567.6957235417049, 1569.6607998389613, 1566.7013496607053, 1568.7831761537923, 1565.8359406521538, 1567.9509402581753, 1565.0362814984594, 1562.1092998486813, 1559.2233262557074, 1556.3779956937801, 1558.660476961501, 1560.9103984449732, 1558.1283082118453, 1555.1960167190666, 1557.304778460566, 1559.3839934966693, 1555.8555472919606, 1557.3696357187998, 1558.8653869306095, 1555.9250480707435, 1558.025829988216]",92,70,85.0,8.0,8.0
3,https://a.espncdn.com/combiner/i?img=/i/teamlogos/mlb/500/scoreboard/tb.png&h=60,Rays,AL East,"[1576.6541731618008, 1573.691111186751, 1576.101206487793, 1573.4766820784382, 1570.889859406813, 1573.3402356936451, 1575.4517088992113, 1572.533586835036, 1569.6563963732638, 1571.819517268377, 1573.9521263799156, 1571.0547631592144, 1573.4110083497662, 1570.733484973789, 1573.0943389262766, 1575.4213503925207, 1578.1710935907702, 1575.881600945697, 1578.6247849847666, 1575.322752949172, 1572.0636065212395, 1573.847277038542, 1570.8975277865877, 1572.9889768711473, 1575.0511903304166, 1577.0846972444233, 1578.9808009006492, 1580.851278233297, 1582.6966132061277, 1584.5910363844528, 1581.4598649191723, 1583.3710706697004, 1579.7371872097058, 1576.145233430296, 1577.5954854080194, 1579.028606873229, 1581.013461083058, 1577.9710292165853, 1574.9704750850594, 1572.113472477828, 1574.2968381757657, 1570.6072497925395, 1571.9591496212547, 1568.295752199269, 1569.6740613095715, 1566.7014941480654, 1568.7703069410745, 1570.810293360402, 1572.926408277019, 1570.0128448875018]",101,61,100.0,90.0,15.0
4,https://a.espncdn.com/combiner/i?img=/i/teamlogos/mlb/500/scoreboard/TOR.png&h=60,Blue Jays,AL East,"[1562.2102063133855, 1559.2665993196485, 1556.3641402132996, 1559.059689397387, 1561.7166401025877, 1564.3354712877347, 1561.815372227756, 1559.3315396501362, 1561.8834450618974, 1559.3986328759838, 1556.5773811709569, 1553.796140100335, 1551.0544856848753, 1548.6982404943235, 1551.3757638703007, 1549.0149099178132, 1546.687898451569, 1548.7663041213123, 1545.815709644167, 1547.9063203942567, 1550.2062015929341, 1547.4732336507236, 1549.7793087557209, 1552.1309180315475, 1554.4488332932556, 1556.7336022062987, 1554.4356889644957, 1557.170592263596, 1559.8664300643934, 1562.5236658818978, 1559.480772239279, 1556.4797593221547, 1558.5203397847781, 1555.7829256698342, 1558.0846060992683, 1555.353407611411, 1557.3976682413952, 1554.413549439381, 1551.4708990164486, 1548.49356305587, 1550.5576438425219, 1552.592984154537, 1549.1030073426596, 1550.6557134691761, 1552.1893477545934, 1549.5914263756645, 1552.0308538255201, 1554.43520993902, 1551.5598896941349, 1548.7251130546208]",88,74,76.0,0.0,5.0
5,https://a.espncdn.com/combiner/i?img=/i/teamlogos/mlb/500/scoreboard/CHW.png&h=60,White Sox,AL Central,"[1478.0201864870812, 1480.1166172477715, 1477.1837226959487, 1474.2918864787268, 1472.5140193702116, 1475.7595331306454, 1473.9622602595484, 1476.8325233188577, 1479.6622906235611, 1477.4519602603148, 1479.5711359052825, 1481.6605785599138, 1483.720821751113, 1481.4447459395137, 1484.2011227626094, 1486.9181886366603, 1484.2332041697227, 1486.5866891102983, 1483.9064498495395, 1481.264621522817, 1478.7982083272746, 1481.367274113081, 1478.8993838830977, 1481.2978564616237, 1483.661890669955, 1485.9920314987492, 1489.1113652127672, 1492.1883794350686, 1490.223303137812, 1492.627236915786, 1489.9966469508618, 1487.4038379186009, 1485.638044515543, 1488.8954012613956, 1487.1099448103848, 1484.8772239691832, 1487.6762219670668, 1485.435442110724, 1483.0055699874893, 1485.6106230382984, 1483.178231772191, 1480.891771695055, 1483.637937790125, 1486.3449088095379, 1483.8985858535325, 1481.4874391243545, 1484.1109284442584, 1486.6967295885895, 1483.6398115321795, 1480.624863111246]",74,88,1.0,1.0,0.0
6,https://a.espncdn.com/combiner/i?img=/i/teamlogos/mlb/500/scoreboard/CLE.png&h=60,Guardians,AL Central,"[1525.7628361439645, 1527.9976901429925, 1525.0184305537095, 1527.0806024381961, 1524.114068533041, 1521.3271517270705, 1523.5798832112996, 1525.8005553486323, 1522.930292289323, 1520.1005249846196, 1522.310855347866, 1519.8128477263067, 1517.3507864118508, 1514.9241388602475, 1517.2002146718467, 1514.443837848751, 1511.7267719747001, 1514.2957598329817, 1511.827792750137, 1514.395327886509, 1516.957507858345, 1514.4828270572602, 1517.0437485781183, 1514.355783584982, 1511.7063245691481, 1514.0948897801502, 1516.4491722419825, 1513.8842067422681, 1516.3561406132196, 1518.7925130606661, 1521.722082773766, 1519.6106223496695, 1522.5287569664897, 1519.892699764888, 1517.294494469518, 1519.7336418165958, 1517.0734333452601, 1514.451385598789, 1516.8670071168099, 1518.636489395999, 1520.3827510152423, 1522.1062360751744, 1519.5308661324802, 1521.992538898663, 1519.4188037347171, 1521.0860124231824, 1522.7319591061719, 1519.3570512418537, 1516.547988372316, 1518.778809588631]",83,79,56.99999999999999,56.00000000000001,2.0
7,https://a.espncdn.com/combiner/i?img=/i/teamlogos/mlb/500/scoreboard/DET.png&h=60,Tigers,AL Central,"[1460.5585624178411, 1463.537822007124, 1461.4756501226375, 1464.4421840277926, 1462.4289424781268, 1460.4435114608232, 1463.4853772105719, 1465.8407491150078, 1463.1623664815781, 1465.3088441020054, 1462.425103461072, 1459.5819851666, 1461.7830867737034, 1458.9530136730912, 1461.163041344591, 1463.8480258115285, 1461.494540870953, 1464.1747801317117, 1466.8166084584343, 1464.4377665712645, 1462.0930537824327, 1464.781923738934, 1462.383451160408, 1460.0194169520764, 1457.6892761232823, 1455.4560237720234, 1453.2544993435708, 1451.084156946765, 1448.904777585939, 1446.7561949898934, 1444.637867876969, 1448.0301691310924, 1446.3795769178519, 1444.74992826453, 1447.6101415795233, 1450.4299554685883, 1448.2097735306554, 1451.0210955258851, 1453.1268355448215, 1450.2030830300778, 1452.3203108614, 1450.0884632638945, 1452.8883195767824, 1450.6483889153842, 1453.4741912632683, 1451.2599363252252, 1449.0770833333938, 1451.925087762278, 1449.3228592614987, 1451.7580373354479]",71,91,0.0,0.0,0.0
8,https://a.espncdn.com/combiner/i?img=/i/teamlogos/mlb/500/scoreboard/KC.png&h=60,Royals,AL Central,"[1415.9167601486533, 1418.494794770512, 1421.43952114009, 1419.3430903793997, 1422.2759849312224, 1425.1678211484443, 1423.3326633462968, 1421.5219781428407, 1419.7352998877102, 1417.8581829798006, 1421.0063339950777, 1424.1120299079464, 1421.9928542629787, 1419.9034116083474, 1417.8431684171483, 1415.6420668100448, 1418.472139910657, 1416.2621122391572, 1413.76438161595, 1411.3025932503942, 1413.8762145504647, 1417.108058859014, 1415.2971509791992, 1413.0323710441928, 1410.7998539801026, 1413.599052271902, 1411.5060872056702, 1409.4423850723376, 1407.4074165349705, 1405.6926238966253, 1404.0000052177882, 1402.3291355780202, 1400.2108723242814, 1398.122325765557, 1396.0629625127062, 1394.296801028396, 1397.553796729413, 1395.7679799982425, 1393.6622399793062, 1396.5859924940498, 1394.4687646627276, 1398.1583530459538, 1396.8064532172386, 1400.4698506392244, 1399.0915415289219, 1397.4243328404566, 1395.7783861574671, 1399.1532940217853, 1397.8986173251685, 1401.65746762782]",52,110,0.0,0.0,0.0
9,https://a.espncdn.com/combiner/i?img=/i/teamlogos/mlb/500/scoreboard/MIN.png&h=60,Twins,AL Central,"[1486.5404178007086, 1484.2570094176474, 1487.0061762997288, 1489.716113894019, 1487.1239371550325, 1489.5690318642226, 1491.9789689937609, 1490.3370096110461, 1493.7158283829908, 1492.0517427896566, 1489.4888290039846, 1491.9627861684216, 1489.4011517770648, 1487.0784121204983, 1484.7888978452354, 1487.532060614125, 1485.4536549443817, 1488.4042494215269, 1486.3136386714373, 1489.5200688304549, 1487.6838214843276, 1490.8720674402034, 1493.5600324333398, 1496.2094914491736, 1493.8209262381715, 1491.4666437763392, 1489.5705401201133, 1487.7000627874654, 1485.8547278146348, 1488.8976214572535, 1491.898634374378, 1489.8580539117545, 1492.5287258006022, 1495.1611055857943, 1492.300892270801, 1489.4810783817359, 1491.7012603196688, 1488.889938324439, 1486.56864380212, 1484.2805510083724, 1487.025111591606, 1489.7304954577187, 1491.9623430552242, 1489.1624867423363, 1491.4024174037345, 1489.5600364119398, 1487.7422652249977, 1485.9486359326218, 1488.725632123062, 1491.4630880730435]",82,80,44.0,43.0,1.0
10,https://a.espncdn.com/combiner/i?img=/i/teamlogos/mlb/500/scoreboard/HOU.png&h=60,Astros,AL West,"[1576.9770984819797, 1573.8281347882682, 1575.7216297786613, 1577.589547626957, 1579.3674147354723, 1576.1219009750384, 1577.9191738461354, 1579.697144795657, 1581.4517328927102, 1583.1833851195631, 1584.5584411159064, 1585.9177716069655, 1587.261667673378, 1589.2916434628191, 1586.293501242331, 1583.3369315253592, 1584.6508101067293, 1585.9500893922457, 1587.235035526516, 1584.0286053674984, 1585.8648527136256, 1582.6766067577498, 1584.513722139434, 1586.3263277266683, 1588.1148897845608, 1584.879866762164, 1587.177780003967, 1584.4428767048666, 1581.7470389040693, 1579.0898030865649, 1576.160233373465, 1578.2716937975615, 1575.3535591807413, 1576.7814163510916, 1578.1925635342434, 1574.5873134067558, 1571.3048195056795, 1568.0651849959286, 1564.8683227982397, 1561.9752659469611, 1564.1229171941268, 1566.2403294235119, 1563.8952017113604, 1561.5836634511736, 1564.305166762758, 1561.3349370623234, 1563.406069134379, 1565.4483327744679, 1567.4476210733965, 1564.4193561901277]",92,70,85.0,71.0,12.0
11,https://a.espncdn.com/combiner/i?img=/i/teamlogos/mlb/500/scoreboard/LAA.png&h=60,Angels,AL West,"[1487.8249756472287, 1485.9314806568357, 1484.06356280854, 1486.8504796145105, 1484.5977481302814, 1482.3770759929487, 1485.1142255626103, 1482.812283643957, 1480.54322496784, 1483.3065011632625, 1485.8694149489345, 1483.3954577844975, 1485.9570921758543, 1488.707049427291, 1491.4177684018134, 1494.0897062809565, 1491.3314913473432, 1488.612608059202, 1485.9326028094047, 1488.399016004947, 1485.8299502191405, 1488.297840449124, 1486.4607250674396, 1484.6481194802054, 1482.859557422313, 1486.0945804447097, 1488.470074400683, 1490.8114923720977, 1493.1193809092981, 1495.8558599629462, 1493.553255278708, 1496.283544797098, 1498.7826273589485, 1501.2457479071995, 1498.6734387999984, 1501.138130370336, 1502.9042918546463, 1499.6472961536292, 1501.4331128847998, 1499.5161785844957, 1497.6252625939956, 1494.6676256262117, 1496.751250813594, 1493.8057815117686, 1496.252104467774, 1498.663251196952, 1496.039761877048, 1493.453960732717, 1491.0159004649374, 1488.6128906781473]",80,82,3.0,0.0,0.0
12,https://a.espncdn.com/combiner/i?img=/i/teamlogos/mlb/500/scoreboard/OAK.png&h=60,Athletics,AL West,"[1422.5954631965828, 1421.0236890142155, 1419.4713503930016, 1417.3200954852048, 1420.1991432737193, 1418.0376124556883, 1415.906565456031, 1413.862962426282, 1416.847726815858, 1414.7910179550286, 1413.4159619586853, 1412.0566314676262, 1410.7127354012136, 1409.0355740776683, 1407.379865521688, 1405.7451985690248, 1404.1311700767094, 1402.8172914953393, 1401.518012209823, 1400.2330660755526, 1403.8863089529484, 1407.4977658048997, 1406.0671393916284, 1403.983754250851, 1401.9294592637195, 1399.9037267431256, 1397.781540045283, 1400.6891400799527, 1403.555901047014, 1406.8860858559874, 1410.1733624213975, 1413.417772389657, 1417.0516558496518, 1420.6436096290615, 1419.1933576513381, 1417.7602361861286, 1415.914521724196, 1414.0934803486384, 1412.2966431140417, 1410.5271608348526, 1408.7808992156092, 1407.0574141556772, 1410.5473909675545, 1408.994684841038, 1407.4610505556207, 1410.9894967603293, 1409.4754083334901, 1407.9796571216805, 1411.0365751780905, 1414.051523599024]",52,110,0.0,0.0,0.0
13,https://a.espncdn.com/combiner/i?img=/i/teamlogos/mlb/500/scoreboard/SEA.png&h=60,Mariners,AL West,"[1531.2611431195871, 1534.1283912916754, 1536.9551724347791, 1533.9396232031586, 1535.9657707537856, 1532.9638705201135, 1534.9771120697792, 1536.9625430870828, 1533.9206773373342, 1536.2905213726995, 1533.6263792979182, 1531.0004475113362, 1528.82205395263, 1531.6744399298664, 1529.4865026417706, 1531.163663965316, 1532.8193725212961, 1534.4540394739595, 1536.0680679662748, 1532.8951418596637, 1534.7647739871006, 1536.609279746962, 1534.3409799624637, 1532.105002289902, 1534.900799083573, 1532.049135152177, 1529.23778741079, 1526.4663476534781, 1528.7910148176165, 1526.082425081067, 1523.345946027419, 1525.648550711657, 1522.918261193267, 1525.1087719066368, 1527.2682917734292, 1524.3973632127702, 1526.6300840539718, 1523.8310860560882, 1526.0718659124311, 1523.7893846447103, 1521.539463161238, 1524.321553394366, 1526.8313894185574, 1524.3051070179854, 1521.815179720806, 1523.5558846009178, 1520.2739192745148, 1517.0348125118292, 1514.9186975952123, 1517.8322609847294]",81,81,6.0,0.0,0.0
14,https://a.espncdn.com/combiner/i?img=/i/teamlogos/mlb/500/scoreboard/TEX.png&h=60,Rangers,AL West,"[1467.2802840575446, 1465.2541365069176, 1468.2560367405897, 1470.4072916483865, 1467.528243859872, 1469.689774677903, 1471.8208216775602, 1470.0462920065615, 1473.2950794468547, 1471.5010726070539, 1473.8809116088116, 1476.2266057139343, 1478.53870121469, 1475.7763634604278, 1478.0534035914336, 1480.2979749353988, 1483.127830413508, 1485.9175873284598, 1483.6676652946437, 1486.0465071818135, 1488.3912199706454, 1485.702350014144, 1488.55401394554, 1491.3653616869271, 1494.136801444239, 1496.7385993350215, 1499.3029964138057, 1496.830501990663, 1494.9360788123379, 1498.0672502776183, 1496.1560445270902, 1493.6569619652398, 1491.1938414169888, 1493.76615052419, 1491.3014589538523, 1489.2571983238681, 1492.2413171258822, 1495.1839675488147, 1497.6138396720494, 1495.0087866212402, 1497.4411778873475, 1500.3734693801262, 1498.2647076386268, 1496.1854926025235, 1493.3596902546394, 1495.5739451926825, 1497.7567981845139, 1494.9087937556296, 1492.909505456701, 1495.9377703399698]",88,74,67.0,28.999999999999996,1.0
15,https://a.espncdn.com/combiner/i?img=/i/teamlogos/mlb/500/scoreboard/ATL.png&h=60,Braves,NL East,"[1580.4699934766131, 1582.5016384167084, 1584.5051347495398, 1586.56493222641, 1583.596067083294, 1580.9005178992065, 1578.243567194006, 1575.624736008859, 1577.3992656798575, 1574.1504782395643, 1575.9444850793652, 1578.1228786380714, 1575.270492660835, 1577.4584299489309, 1575.1812764828085, 1572.9365937015941, 1575.7238336764399, 1577.678634676581, 1574.6067084598915, 1571.576842888199, 1573.5887721373701, 1569.9355292599744, 1566.324072408023, 1567.7546988212944, 1564.724344096934, 1566.735787476053, 1568.7194534391604, 1570.8865514697109, 1573.0230678422772, 1575.1295424742987, 1576.5541618079044, 1577.9621318165407, 1574.3537638532823, 1570.961462599159, 1572.6120548123995, 1574.2417034657215, 1575.861047500895, 1577.460046492195, 1579.0390897227069, 1580.598558592239, 1582.6412320547129, 1584.6555550823155, 1581.414642934883, 1583.2165062749352, 1584.9945307953728, 1586.8369117871675, 1588.6546829741096, 1590.4483122664856, 1592.2756151156862, 1594.0785946975566]",106,56,100.0,100.0,23.0
16,https://a.espncdn.com/combiner/i?img=/i/teamlogos/mlb/500/scoreboard/MIA.png&h=60,Marlins,NL East,"[1458.1585271410484, 1455.7935685313043, 1458.4625180765524, 1461.0931970423637, 1458.437137891216, 1455.8191869588622, 1458.2388514016377, 1460.466868795264, 1462.6632478258543, 1464.8285340369614, 1462.6702882663021, 1465.5424684865193, 1463.374134762794, 1460.7617950198567, 1458.1869964938292, 1460.6492328386769, 1458.0760527937146, 1460.8342677273279, 1463.553151015469, 1466.2331562652664, 1463.9842934427497, 1466.7674243763558, 1464.5109480779251, 1466.5943332187026, 1468.648628205834, 1470.674360726428, 1472.76732579266, 1474.8310279259924, 1476.8659964633596, 1474.4620626853857, 1477.09265265031, 1479.6854616825708, 1477.494950969201, 1475.3354311024086, 1478.2063596630676, 1480.2692041985472, 1482.3033307200694, 1484.3092631688571, 1487.2865991294357, 1485.2225183427838, 1483.1871780307688, 1485.3299031994848, 1482.4424765300446, 1484.595706307643, 1486.71859852718, 1489.3841563399837, 1492.0114860772217, 1494.6010773897606, 1492.77377454056, 1490.9707949586896]",85,77,47.0,0.0,2.0
17,https://a.espncdn.com/combiner/i?img=/i/teamlogos/mlb/500/scoreboard/NYM.png&h=60,Mets,NL East,"[1529.2683020430484, 1526.1962464259464, 1523.0547803463342, 1524.9557393990312, 1521.830980642142, 1523.6011368262564, 1520.3480594708408, 1522.1377860656332, 1518.9039053541662, 1516.7924321486, 1519.7105542127754, 1522.5877446745476, 1525.0857522961069, 1527.5478136105628, 1529.974461162166, 1527.0295630107466, 1524.1258234060995, 1526.2628884498301, 1528.2437365065582, 1525.1973727762577, 1522.1929121161331, 1524.539556532945, 1526.852586995734, 1529.132551337782, 1526.7809420619553, 1524.4630268002472, 1522.1782578872042, 1520.0111598566536, 1517.8746434840873, 1515.7681688520659, 1512.7946933314552, 1514.862604804854, 1511.9017062569562, 1509.7867066509348, 1512.7013654106506, 1515.0730793220152, 1512.41077734544, 1509.7866624977246, 1512.679719349003, 1510.5320681018375, 1508.4146558724524, 1505.9423344965212, 1508.505580318512, 1506.0319505875486, 1503.5915479161783, 1506.1862314456428, 1503.7436097096231, 1501.3361079610336, 1499.0870467686805, 1501.8699826985098]",76,86,1.0,0.0,0.0
18,https://a.espncdn.com/combiner/i?img=/i/teamlogos/mlb/500/scoreboard/PHI.png&h=60,Phillies,NL East,"[1499.5293114042427, 1497.1983373713772, 1499.9007231434423, 1502.8443301371792, 1505.7467892435282, 1507.8760603392054, 1509.9754184732647, 1507.0453986574048, 1504.5320533156025, 1502.054877159879, 1499.6133404080463, 1496.8962918218592, 1499.2180995710762, 1501.5066971895708, 1498.87300463609, 1496.2771333396797, 1498.7185833046701, 1496.763782304529, 1499.8357085212185, 1502.865574092911, 1500.8536448437399, 1498.507000426928, 1496.193969964139, 1493.914005622091, 1490.891472480462, 1492.910684420653, 1494.9019759789644, 1497.1352283302233, 1499.3367527586759, 1501.5070951554817, 1504.677331660726, 1502.8050205186971, 1505.9578864278742, 1503.4318199352736, 1505.9421054590414, 1508.416266048363, 1510.8548320547955, 1512.700546516728, 1514.5215878922857, 1516.3184251268824, 1514.2757516644085, 1512.261428636806, 1514.7337500127371, 1512.1705041907462, 1514.6441339217097, 1516.9163825595351, 1519.156242741995, 1521.364262249151, 1518.139291336213, 1519.9570537728368]",87,75,66.0,0.0,3.0
19,https://a.espncdn.com/combiner/i?img=/i/teamlogos/mlb/500/scoreboard/WSH.png&h=60,Nationals,NL East,"[1409.764060024117, 1412.7622757485967, 1415.982925430588, 1414.1608541245528, 1417.3630065594623, 1415.592850375348, 1418.8459277307636, 1417.0562011359712, 1420.2900818474382, 1418.062064453812, 1415.8656854232215, 1413.7003992121145, 1411.5539215916872, 1414.4376622326206, 1417.2807805270927, 1415.376610850597, 1418.4982194399313, 1416.5774972277072, 1419.0752278509144, 1421.5370162164702, 1418.9633949163997, 1417.6983868112163, 1416.447091465188, 1420.209262453549, 1423.231795595178, 1421.212583654987, 1419.2212920966756, 1417.2370895853476, 1415.2801610698584, 1413.8555417362527, 1412.4475717276164, 1416.0559396908748, 1414.6280825205245, 1413.2169353373727, 1416.8221854648602, 1414.7593409293806, 1412.7252144078584, 1410.7192819590707, 1408.8328889907712, 1406.9719391700676, 1410.1359513327886, 1408.289154266816, 1406.4762217517066, 1409.6873389928644, 1412.8557639219086, 1411.115059041797, 1414.3970243682, 1417.6361311308856, 1420.8611020438234, 1419.0433396071996]",63,99,0.0,0.0,0.0
20,https://a.espncdn.com/combiner/i?img=/i/teamlogos/mlb/500/scoreboard/CHC.png&h=60,Cubs,NL Central,"[1479.1043905268173, 1481.4514209317965, 1478.7648311505209, 1476.443573259316, 1474.1555164968988, 1476.9001125113364, 1479.4922892503228, 1477.0471945411327, 1474.6372574115944, 1472.8592864620728, 1471.1046983650197, 1469.3730461381667, 1472.0900947243538, 1469.7682869751368, 1467.4796893566422, 1470.4245875080617, 1473.3283271127088, 1471.1912620689782, 1468.4498776607802, 1465.7476335404735, 1463.0840688908452, 1466.38610092644, 1469.6452473543723, 1467.8615768370698, 1470.6133820424684, 1468.3259279893148, 1471.0711166728918, 1468.7771214527347, 1466.4016274967614, 1464.0602095253466, 1461.7523209881463, 1464.6703970645133, 1467.547541938825, 1465.3841260461834, 1467.795265723177, 1470.1717694606396, 1472.5141811825076, 1475.4142333328634, 1478.2735139458143, 1476.092404156146, 1478.332331442678, 1480.5404169105755, 1482.717206862266, 1485.329655807993, 1482.9045620897377, 1480.6323134519123, 1478.3924532694525, 1476.1844337622965, 1478.9934966318342, 1476.7626754155192]",77,85,6.0,2.0,0.0
21,https://a.espncdn.com/combiner/i?img=/i/teamlogos/mlb/500/scoreboard/CIN.png&h=60,Reds,NL Central,"[1435.0114932871697, 1438.152959366782, 1436.2520003140849, 1439.376759070974, 1442.0328182221217, 1444.6507691544755, 1442.2311047117, 1439.805287946847, 1442.4143340409735, 1439.985882634411, 1438.3578816816662, 1436.7503915227367, 1435.1630195470577, 1438.2866122721157, 1436.3678644153374, 1439.475168931174, 1437.5402154660587, 1440.2815998742567, 1442.9838439945634, 1445.6474086441917, 1448.6364502789293, 1451.5839865782752, 1449.490342641331, 1447.4781416037522, 1445.493731937524, 1443.5366001073323, 1446.6062389625313, 1450.1583976260902, 1453.6681320630394, 1452.1352550085596, 1450.0169440201064, 1452.9283505793333, 1455.798884378459, 1457.9171476321978, 1460.0056941909222, 1462.065057443773, 1465.3475513448493, 1468.5871858546002, 1471.784048052289, 1474.0561228031966, 1476.2958120175208, 1478.5036634696803, 1481.7445756171128, 1479.9427122770605, 1478.164687756623, 1476.0222162104458, 1478.9098920097808, 1481.7569090654206, 1484.336468604717, 1481.8789280893982]",82,80,28.999999999999996,21.0,1.0
22,https://a.espncdn.com/combiner/i?img=/i/teamlogos/mlb/500/scoreboard/MIL.png&h=60,Brewers,NL Central,"[1520.5032842609312, 1523.6349014914633, 1521.7241393872469, 1519.8392795858526, 1521.6744373880001, 1523.4851225914563, 1525.2718008465868, 1522.685616756154, 1525.1366229545756, 1522.552381970185, 1520.3892610750718, 1518.2566519635332, 1521.1540151842344, 1519.1240393947933, 1522.1221816152813, 1525.0787513322532, 1522.513052984505, 1519.9842641465916, 1517.491866209366, 1520.0353324045843, 1517.7354512059069, 1520.4684191481174, 1518.1623440431201, 1520.1745450806989, 1522.158954746927, 1524.1160865771187, 1521.0464477219198, 1523.5589021864744, 1526.0352003380128, 1523.4758721254427, 1520.1456873164693, 1516.8584107510592, 1513.6140007827996, 1510.943328893952, 1508.3109491087598, 1510.3666320441378, 1512.393727235673, 1514.3927572528396, 1511.7914422994154, 1514.2275216922005, 1511.628580855036, 1514.2039507977302, 1511.7422780315474, 1514.3160131954933, 1516.7564158668636, 1514.1617323373991, 1516.6043540734188, 1519.0118558220083, 1515.9431598079116, 1517.9165052144153]",86,76,80.0,73.0,3.0
23,https://a.espncdn.com/combiner/i?img=/i/teamlogos/mlb/500/scoreboard/PIT.png&h=60,Pirates,NL Central,"[1450.1850760015632, 1448.4417693833698, 1446.7211827708013, 1449.2548945003794, 1446.7521452317687, 1444.285411455673, 1442.2839617033476, 1440.3101050546575, 1443.363330389334, 1441.007958484898, 1443.6863411183276, 1446.4550061391851, 1444.18422280134, 1441.945803315427, 1444.7081410696892, 1442.4311009386834, 1440.1865295947182, 1443.3594557013294, 1441.4898235738924, 1439.645317814031, 1437.7201720928817, 1440.821198825459, 1443.8800008120988, 1446.9000734216827, 1449.8784178634057, 1452.8153378291213, 1454.937524526964, 1452.0299244922942, 1449.163163525233, 1452.1366390458436, 1450.0687275724447, 1453.0296261203425, 1450.618486443349, 1448.2419827058864, 1445.8995709840183, 1443.8438880486403, 1441.8167928571052, 1439.8177628399385, 1437.5778355534064, 1435.369750085509, 1433.1929601338184, 1431.0502349651024, 1433.9376616345426, 1431.7844318569441, 1429.6615396374073, 1432.672777264296, 1435.6423483755493, 1438.5705628546943, 1441.639258868791, 1439.6659134622873]",72,90,1.0,1.0,0.0
24,https://a.espncdn.com/combiner/i?img=/i/teamlogos/mlb/500/scoreboard/STL.png&h=60,Cardinals,NL Central,"[1504.2416384706955, 1501.4247543390295, 1503.6478357621704, 1505.9690936533752, 1508.2571504157925, 1505.512554401355, 1508.1425371598336, 1510.7347468921664, 1513.2896847307247, 1515.8758688211574, 1513.4248626227359, 1516.0091036071265, 1519.2106651242532, 1517.3695650082097, 1520.5530503747382, 1523.6939373907455, 1520.5703446656876, 1522.4890925224659, 1519.3817880066292, 1521.3167414717445, 1518.747753613463, 1521.2157206963077, 1518.6481855599357, 1515.4163412513865, 1517.2272491312012, 1514.2071765216174, 1511.2288320798943, 1508.2919121141788, 1505.6901142233962, 1503.125717144612, 1505.5982115677548, 1507.716522556208, 1504.8051159969812, 1501.9345821978554, 1499.5412898903703, 1497.1823547023507, 1494.8572312494373, 1492.4855173380727, 1495.147819314648, 1497.7719341623633, 1499.6583271306629, 1501.5192769513665, 1498.3552647886454, 1495.7428158429184, 1498.1679095611737, 1501.1381392616083, 1499.0670071895527, 1497.024743549464, 1499.9650824093299, 1497.8643004918574]",75,87,5.0,3.0,0.0
25,https://a.espncdn.com/combiner/i?img=/i/teamlogos/mlb/500/scoreboard/ARI.png&h=60,Diamondbacks,NL West,"[1479.3090445473847, 1476.6400950021366, 1474.0094160363253, 1471.7762507571747, 1474.5748119128782, 1477.3335998603784, 1480.053049720685, 1482.0966527504343, 1479.111888360858, 1481.1685972216876, 1478.39993220083, 1480.6707155386753, 1482.9091350245883, 1485.5428275780691, 1488.1386988744794, 1485.697248909489, 1483.3910056105342, 1481.1177166192697, 1483.8768335411564, 1486.184677668868, 1488.459541081012, 1490.7019721768388, 1492.9125188182286, 1495.942873542589, 1493.93143016347, 1491.9477642003626, 1493.9319667116906, 1495.8888952271798, 1498.0682745880058, 1500.2168571840514, 1502.3351842969757, 1504.8612507895764, 1502.3509652658086, 1499.876804676487, 1497.4382386700545, 1500.0984471413901, 1502.7204948878612, 1500.3048733698404, 1502.9061883232646, 1500.4701089304795, 1503.069049767644, 1504.9158468336166, 1502.6450434838218, 1500.4066043220905, 1503.1999816160308, 1506.1725487775368, 1504.1037359845277, 1502.0637495652002, 1504.5018098329797, 1506.9048196197698]",89,73,80.0,7.000000000000001,1.0
26,https://a.espncdn.com/combiner/i?img=/i/teamlogos/mlb/500/scoreboard/COL.png&h=60,Rockies,NL West,"[1448.8728168465718, 1451.3755661151824, 1453.8422998912781, 1451.7130287956008, 1449.6136706615416, 1452.5436904774015, 1454.9695072422544, 1452.360461148128, 1454.7889125546906, 1452.4090735529328, 1450.0633794478101, 1447.7512839470544, 1450.3636236899918, 1452.9384222160193, 1450.4761858711715, 1453.0493659161339, 1451.0685178594058, 1454.1148815897063, 1457.1193422498309, 1454.8114981221192, 1452.5366347099753, 1450.2942036141485, 1448.0836569727587, 1450.348436907765, 1452.5809539718553, 1449.7817556800558, 1447.7412094128217, 1445.7289746977333, 1443.7445319742428, 1441.6629313294884, 1439.6103885981263, 1442.586376407258, 1445.5578310324163, 1448.4879143448554, 1446.3769631519338, 1444.7576191167602, 1443.1586201254602, 1441.5795768949483, 1440.0201080254162, 1437.7480332745088, 1435.5083440601845, 1433.300492608025, 1436.2581295758089, 1434.1745043884266, 1437.119973690252, 1435.6525020294787, 1439.2024852912587, 1437.7100335874734, 1440.3122620882527, 1437.8770840143036]",64,98,0.0,0.0,0.0
27,https://a.espncdn.com/combiner/i?img=/i/teamlogos/mlb/500/scoreboard/LAD.png&h=60,Dodgers,NL West,"[1606.462747356454, 1608.35636966818, 1610.224412436945, 1607.0927952064128, 1609.0035573106293, 1610.8884171120235, 1612.7057187210148, 1614.4988873752761, 1616.2683830411836, 1617.9103424238983, 1614.5315236519536, 1616.1956092452879, 1612.9940477281611, 1614.8351478442046, 1611.6516624776762, 1608.5107754616688, 1610.7879289277912, 1613.0326117090056, 1610.2453717341598, 1607.4956285359103, 1609.7851211809834, 1607.0419371419139, 1608.3069452470972, 1609.5582405931257, 1605.7960696047646, 1608.043753186366, 1605.2594630281963, 1602.514792697019, 1598.96263403346, 1595.4528995965109, 1596.9857766509906, 1593.8155401457464, 1595.6878512877752, 1592.534985378598, 1594.300778781656, 1591.0434220358034, 1592.8288784868141, 1589.8389597354114, 1586.890552858237, 1583.9833333481936, 1585.9002676484977, 1587.7911836389978, 1590.1363113511493, 1592.447849611336, 1589.7263462997516, 1591.193817960525, 1587.643834698745, 1589.1362864025302, 1590.390963099147, 1586.6321127964954]",96,66,99.0,81.0,19.0
28,https://a.espncdn.com/combiner/i?img=/i/teamlogos/mlb/500/scoreboard/SD.png&h=60,Padres,NL West,"[1518.5847665839813, 1516.7167238152163, 1519.0001321982775, 1516.250965316196, 1513.541027721906, 1511.7237261129146, 1509.9305574586533, 1508.1610617927458, 1510.0381787006554, 1506.8900276853783, 1503.7843317725096, 1501.3918528326124, 1499.0337182310761, 1501.7093825239594, 1503.6135522004552, 1500.4919436111209, 1502.412665823345, 1505.3772888683945, 1503.3005941475308, 1501.2528686161486, 1503.5017314386653, 1500.7186005050592, 1502.9750768034899, 1500.2232715980913, 1502.510725651245, 1499.765536967668, 1502.059532187825, 1499.7348650236866, 1502.4434547602361, 1504.5250554049906, 1506.5775981363527, 1503.601610327221, 1506.2376675288226, 1508.8358728241926, 1506.3967254771148, 1504.4118712672857, 1507.4543031337585, 1510.4548572652843, 1508.1146777162276, 1505.808007538059, 1503.5342987116783, 1506.293002841075, 1508.1059353561843, 1504.8948181150265, 1501.7263931859823, 1498.7151555590935, 1495.7455844478402, 1492.8173699686952, 1490.2378104293987, 1492.6953509447176]",76,86,1.0,0.0,0.0
29,https://a.espncdn.com/combiner/i?img=/i/teamlogos/mlb/500/scoreboard/SF.png&h=60,Giants,NL West,"[1512.6144371965188, 1514.436508502554, 1511.2343560676445, 1513.4675213467951, 1510.6689601910916, 1507.9101722435914, 1505.1907223832848, 1507.704067725087, 1510.1812438808106, 1512.6227806326433, 1514.7810264033026, 1511.9088461830854, 1514.0771799068107, 1516.3999195633771, 1518.68943383864, 1515.9462710697505, 1518.5119694174987, 1521.0407582554121, 1523.5331561926378, 1520.9896899974194, 1522.9148357185686, 1519.8138089859913, 1516.7550069993515, 1514.2811626685434, 1516.8429082142977, 1514.367799015197, 1516.4083452824311, 1518.4205799975196, 1520.40502272101, 1517.486946644643, 1514.6098017703314, 1516.773217662973, 1519.166509970458, 1521.5254451584776, 1523.850568611391, 1526.8404873627937, 1529.7888942399682, 1532.6961137500116, 1535.0362932990683, 1537.342963477237, 1539.6166723036176, 1536.857968174221, 1539.1287715240157, 1541.367210685747, 1538.5738333918068, 1541.1717547707358, 1538.7323273208801, 1536.3279712073802, 1538.5770323997333, 1535.794096469904]",90,72,85.0,12.0,2.0
